farm_id,division,district,upazila,farm_name,manager_name,address,phone,email,website,farm_type,fish_species,service_type,source,source_year,verification_status
1,Dhaka,Gazipur,Sreepur,"Sreepur Mini Hatchery, Sreepur, Gazipur",,,,,,,,,DoF Farm List,DoF Farm List (PDF supplied by user),Source-listed; current activity not independently verified
2,Dhaka,Gazipur,Tongi,"F.S.M.F, Tongi, Gazipur",Md. Kamal Hossain,,1769459167,fmtongi@fiheries.gov.bd,https://fmo.gazipur.gov.bd/,,,,DoF Farm List,DoF Farm List (PDF supplied by user),Source-listed; current activity not independently verified
3,Dhaka,Mymensingh,Sadar,"F.S.M.F, Shamvuganj, Mymensingh",Md. Shahdat Islam,,1769459915,fmshambhuganj@fisheries.gov.bd,http://fsmfs.mymensinghsadar.mymensingh.gov.bd/,,,,DoF Farm List,DoF Farm List (PDF supplied by user),Source-listed; current activity not independently verified
4,Dhaka,Mymensingh,Phulpur,"F.S.M.F, Phulpur, Mymensingh",A.K.M Shafiqul Islam,,1711126528,fmphulpur@fisheries.gov.bd,http://fsmf.phulpur.mymensingh.gov.bd/en,,,,DoF Farm List,DoF Farm List (PDF supplied by user),Source-listed; current activity not independently verified
5,Dhaka,Mymensingh,Ishwarganj,"F.S.M.F, Ishwarganj, Mymensingh",,,,fmishwarganj@fisheries.gov.bd,,,,,DoF Farm List,DoF Farm List (PDF supplied by user),Source-listed; current activity not independently verified
6,Dhaka,Mymensingh,Nandail,"F.S.M.F, Nandail, Mymensingh",A.K.M Shafiqul Islam,,1769459918,fmnandail@fisheries.gov.bd,http://www.fsmf.nandail.mymensingh.gov.bd/en,,,,DoF Farm List,DoF Farm List (PDF supplied by user),Source-listed; current activity not independently verified
7,Dhaka,Kishoreganj,Sadar,"F.S.M.F, Kishoreganj Sadar, Kishoreganj",Sohel Ahmed,,01728765494,fmkishoreganjsadar@fisheries.gov.bd,http://fsmf.kishoreganjsadar.kishoreganj.gov.bd/,,,,DoF Farm List,DoF Farm List (PDF supplied by user),Source-listed; current activity not independently verified
8,Dhaka,Kishoreganj,Katiadi,"Fish Hatchery Complex, Katiadi, Kishoreganj",Md. Monzurul Hoque,,1769459280,hokatiadi@fisheries.gov.bd,http://chc.katiadi.kishoreganj.gov.bd/,Hatchery,,,DoF Farm List,DoF Farm List (PDF supplied by user),Source-listed; current activity not independently verified
9,Dhaka,Gopalganj,Sadar,"F.S.M.F, Gopalganj Sadar, Gopalganj",Tanzila Akhter Nipa,,1769459244,fmgopalganj@fisheries.gov.bd,http://fsmf.sadar.gopalganj.gov.bd/,,,,DoF Farm List,DoF Farm List (PDF supplied by user),Source-listed; current activity not independently verified
10,Dhaka,Narsingdi,Sadar/Baghata,"F.S.M.F, Baghata, Narsingdi",S.M. Mustafizur Rahman,,01769-459262,fmnarsingdisadar@fisheries.gov.bd,http://fsmf.narsingdisadar.narsingdi.gov.bd/en,,,,DoF Farm List,DoF Farm List (PDF supplied by user),Source-listed; current activity not independently verified
11,Dhaka,Faridpur,Sadar,"F.S.M.F, Faridpur Sadar, Faridpur",Shireen Sharmin Khan,,01769459202,fmfaridpursadar@fisheries.gov.bd,http://fsmf.sadar.faridpur.gov.bd/,,,,DoF Farm List,DoF Farm List (PDF supplied by user),Source-listed; current activity not independently verified
12,Dhaka,Faridpur,,"Fisheries Training & Extention Center, Faridpur",Md. Mahbub Hossain,,1769459290,,https://ftec.faridpur.gov.bd/en,,,,DoF Farm List,DoF Farm List (PDF supplied by user),Source-listed; current activity not independently verified
13,Dhaka,Tangail,Sadar,"F.S.M.F, Tangail Sadar, Tangail",Md. Anwarul Kabir,,1769459199,fmtangail@fisheries.gov.bd,http://fmo.tangailsadar.tangail.gov.bd/en,,,,DoF Farm List,DoF Farm List (PDF supplied by user),Source-listed; current activity not independently verified
14,Dhaka,Munshiganj,Sadar,"F.S.M.F, Munshiganj Sadar, Munshiganj",Golum Maoula Mohammad Rasel,,01769-459236,fmmunshiganj@fisheries.gov.bd,http://fsmf.sadar.munshiganj.gov.bd/,,,,DoF Farm List,DoF Farm List (PDF supplied by user),Source-listed; current activity not independently verified
15,Dhaka,Shariatpur,Gosairhat,"F.S.M.F, Gosairhat, Shariatpur",,,,,,,,,DoF Farm List,DoF Farm List (PDF supplied by user),Source-listed; current activity not independently verified
16,Rajshahi,Chapainawabganj,Sadar,"F.S.M.F, Chapainawabganj Sadar, Chapainawabganj",Aliza Khatun,,1769459659,fsmfamnura@fisheries.gov.bd,http://fsmf.chapainawabganjsadar.chapainawabganj.gov.bd/en,,,,DoF Farm List,DoF Farm List (PDF supplied by user),Source-listed; current activity not independently verified
17,Rajshahi,Chapainawabganj,Nachole,"F.S.M.F, Nachole, Chapainawabganj",Md.Imrul kayes,,01769459658,fmnachol@gmail.com,http://fsmf.nachol.chapainawabganj.gov.bd/en,,,,DoF Farm List,DoF Farm List (PDF supplied by user),Source-listed; current activity not independently verified
18,Rajshahi,Natore,Sadar,"F.S.M.F, Natore Sadar, Natore",Md. Jainul Abedin,,1769459669,fmnatore@fisheries.gov.bd,http://fsmf.natoresadar.natore.gov.bd/en,,,,DoF Farm List,DoF Farm List (PDF supplied by user),Source-listed; current activity not independently verified
19,Rajshahi,Natore,Boraigram,"F.S.M.F, Karbala, Boraigram, Natore",Md. Noor-Alam,,01769-459670,fmkarbala@fisheries.gov.bd,http://fsmf.baraigram.natore.gov.bd/en,,,,DoF Farm List,DoF Farm List (PDF supplied by user),Source-listed; current activity not independently verified
20,Rajshahi,Natore,Boraigram,"F.S.M.F, Boraigram, Natore",,,,,,,,,DoF Farm List,DoF Farm List (PDF supplied by user),Source-listed; current activity not independently verified
21,Rajshahi,Bogura,Sadar/Malatinagar,"F.S.M.F, Malatinagar, Bogura",Md. Mahmud Hasan,,1769459726,fmmaltinagar@fisheries.gov.bd,https://fmo.bogra.gov.bd/en,,,,DoF Farm List,DoF Farm List (PDF supplied by user),Source-listed; current activity not independently verified
22,Rajshahi,Bogura,Sherpur,"F.S.M.F, Sherpur, Bogura",Md. Rajoun Kabir Chowdhury,,1769459727,fmsherpur@fisheries.gov.bd,http://fmo.sherpur.bogra.gov.bd/en,,,,DoF Farm List,DoF Farm List (PDF supplied by user),Source-listed; current activity not independently verified
23,Rajshahi,Naogaon,Sadar,"F.S.M.F, Naogaon Sadar, Naogaon",Md. Abdul Mannan,,1769459685,fmnaogao@fisheries.gov.bd,http://fsmf.naogaonsadar.naogaon.gov.bd/,,,,DoF Farm List,DoF Farm List (PDF supplied by user),Source-listed; current activity not independently verified
24,Khulna,Bagerhat,Sadar,"F.S.M.F, Bagherhat Sadar, Bagherhat",Nirmal Kumar Kundu,,1769459485,fmbagherhat@fisheries.gov.bd,https://fsmf.bagerhat.gov.bd/en,,,,DoF Farm List,DoF Farm List (PDF supplied by user),Source-listed; current activity not independently verified
25,Khulna,Jashore,Sadar,"F.S.M.F, Jashore Sadar, Jashore",Lipi poul,,1769459560,fmjashore@fisheries.gov.bd,http://fsmf.sadar.jessore.gov.bd/en,,,,DoF Farm List,DoF Farm List (PDF supplied by user),Source-listed; current activity not independently verified
26,Khulna,Jashore,Jhikargachha,"F.S.M.F, Jikargachha, Jashore",Md. Nannu Reja,,1769459497,fmjikargachha@fisheries.gov.bd,http://fsmf.jhikargacha.jessore.gov.bd/en,,,,DoF Farm List,DoF Farm List (PDF supplied by user),Source-listed; current activity not independently verified
27,Khulna,Jashore,Sharsha,"F.S.M.F, Bagachra, Sharsha, Jashore",Palash Bala,,1769459493,fmbagachra@gmail.com,http://www.fsmf.sharsha.jessore.gov.bd/en,,,,DoF Farm List,DoF Farm List (PDF supplied by user),Source-listed; current activity not independently verified
28,Khulna,Jashore,Jhikargachha,"F.S.M.F, Jhikargacha, Jessore",Md. Nannu Reja,,1769459497,fmjhikargachha@gmail.com,http://fsmf.jhikargacha.jessore.gov.bd/,,,,DoF Farm List,DoF Farm List (PDF supplied by user),Source-listed; current activity not independently verified
29,Khulna,Chuadanga,Sadar,"F.S.M.F, Chuadanga Sadar, Chuadanga",Md. Alauddin,,1769459544,fmchuadanga@fisheries.gov.bd,http://fsmf.chuadangasadar.chuadanga.gov.bd/en,,,,DoF Farm List,DoF Farm List (PDF supplied by user),Source-listed; current activity not independently verified
30,Khulna,Chuadanga,Jibannagar,"F.S.M.F, Jibannagar, Chuadanga",Md Din Islam,,1334911715,fmjibannagar@fisheries.gov.bd,http://www.fsmf.jibannagar.chuadanga.gov.bd/en,,,,DoF Farm List,DoF Farm List (PDF supplied by user),Source-listed; current activity not independently verified
31,Khulna,Meherpur,Sadar,"F.S.M.F, Meherpur Sadar, Meherpur",Md Iqbal Sharif,,1769459537,fmmeherpur@fisheries.gov.bd,http://fsmf.meherpursadar.meherpur.gov.bd/en,,,,DoF Farm List,DoF Farm List (PDF supplied by user),Source-listed; current activity not independently verified
32,Khulna,Jhenaidah,Sadar,"F.S.M.F, Jhenaidah Sadar, Jhenaidah",Md Amanulla,,1716282177,fmjhenaidah@fisheries.gov.bd,https://fspf.jhenaidah.gov.bd/,,,,DoF Farm List,DoF Farm List (PDF supplied by user),Source-listed; current activity not independently verified
33,Khulna,Jhenaidah,Kotchandpur,"Central Hatchery, Kotchandpur, Jhenaidah",Md Mahbubur Rahman,,1769459549,,http://chc.kotchandpur.jhenaidah.gov.bd/en,Hatchery,,,DoF Farm List,DoF Farm List (PDF supplied by user),Source-listed; current activity not independently verified
34,Khulna,Satkhira,Sadar,"F.S.M.F, Satkhira Sadar, Satkhira",Md. Aowsafur Rahman,,1769459472,fmsatkhira@fisheries.gov.bd,http://fsmf.satkhirasadar.satkhira.gov.bd/en,,,,DoF Farm List,DoF Farm List (PDF supplied by user),Source-listed; current activity not independently verified
35,Khulna,Satkhira,Debhata,"F.S.M.F, Debhata, Satkhira",Md. Aowsafur Rahman,,1769459473,fmsatkhira@fisheries.gov.bd,http://fsmf.debhata.satkhira.gov.bd/en,,,,DoF Farm List,DoF Farm List (PDF supplied by user),Source-listed; current activity not independently verified
36,Khulna,Satkhira,Kaliganj,"RFO Office in/c Shrimp Demonstration Firm & Hatchery Unit, Kaliganj, Satkhira",,,,,http://hofisheries.kaliganj.satkhira.gov.bd/,Shrimp Hatchery Unit,,,DoF Farm List,DoF Farm List (PDF supplied by user),Source-listed; current activity not independently verified
37,Khulna,Khulna,Sadar,"F.S.M.F, Khulna Sadar, Khulna",Mahedi Hasan,,1769459462,fmkhulnasadar@fisheries.gov.bd,https://fsmf.khulna.gov.bd/en,,,,DoF Farm List,DoF Farm List (PDF supplied by user),Source-listed; current activity not independently verified
38,Khulna,Khulna,Dumuria,"F.S.M.F, Dumuria, Khulna",kh. Mahbuba Sultana,,1776513161,fmdumuria@fisheries.gov.bd,http://fsmf.dumuria.khulna.gov.bd/en,,,,DoF Farm List,DoF Farm List (PDF supplied by user),Source-listed; current activity not independently verified
39,Rangpur,Gaibandha,Sadar,"F.S.M.F, Gaibandha Sadar, Gaibandha",Md. Mostofa Kamal,,01769-459753,fmgaibandhasadar@fisheries.gov.bd,http://www.fsmf.gaibandhasadar.gaibandha.gov.bd/,,,,DoF Farm List,DoF Farm List (PDF supplied by user),Source-listed; current activity not independently verified
40,Rangpur,Gaibandha,Gobindaganj,"F.S.M.F, Gobindaganj, Gaibandha",Md. Moshiur Rahman Sarker,,1769459752,fmgaibandha@fisheries.gov.bd,http://www.fisheriesfarm.gobindaganj.gaibandha.gov.bd/en,,,,DoF Farm List,DoF Farm List (PDF supplied by user),Source-listed; current activity not independently verified
41,Rangpur,Dinajpur,Saidpur,"F.S.M.F, Saidpur, Nilphamari",Abdullah Al Mahmud,,1769459783,fmsaidpur@fisheries.gov.bd,http://fsmf.syedpur.nilphamari.gov.bd/,,,,DoF Farm List,DoF Farm List (PDF supplied by user),Source-listed; current activity not independently verified
42,Rangpur,Dinajpur,Thakurgaon Sadar,"F.S.M.F, Thakurgaon Sadar, Thakurgaon",Md. Abdul Malek,,1769459791,fmthakurgaon@fisherise.gov.bd,https://fsmf.thakurgaon.gov.bd/,,,,DoF Farm List,DoF Farm List (PDF supplied by user),Source-listed; current activity not independently verified
43,Rangpur,Dinajpur,Kaharole,"F.S.M.F, Kaharole, Dinajpur",,,,fmkaharole@fisheries.gov.bd,http://fsmf.kaharol.dinajpur.gov.bd/,,,,DoF Farm List,DoF Farm List (PDF supplied by user),Source-listed; current activity not independently verified
44,Rangpur,Dinajpur,Setabganj,"F.S.M.F, Setabganj, Dinajpur",Md. Touhidul Islam,,1769459818,fmsetabganj@fisheries.gov.bd,http://fsmf.bochaganj.dinajpur.gov.bd/,,,,DoF Farm List,DoF Farm List (PDF supplied by user),Source-listed; current activity not independently verified
45,Rangpur,Dinajpur,Parbatipur,"F.S.M.F, Pulhat, Dinajpur",Md. Mahfuzul Haque,,1769459815,fmpulhat@fisheries.gov.bd,http://www.fsmf.parbatipur.dinajpur.gov.bd/,,,,DoF Farm List,DoF Farm List (PDF supplied by user),Source-listed; current activity not independently verified
46,Rangpur,Dinajpur,Birampur,"F.S.M.F, Charkai, Birampur, Dinajpur",,,,fmcharkai@fisheries.gov.bd,http://fsmf.birampur.dinajpur.gov.bd/,,,,DoF Farm List,DoF Farm List (PDF supplied by user),Source-listed; current activity not independently verified
47,Rangpur,Dinajpur,Birganj,"F.S.M.F, Birganj, Dinajpur",Md. Shamshuzzaman,,01769459816,fmbirganj@fisheries.gov.bd,http://www.fsmf.birganj.dinajpur.gov.bd/en,,,,DoF Farm List,DoF Farm List (PDF supplied by user),Source-listed; current activity not independently verified
48,Sylhet,Sylhet,Golapganj,"F.S.M.F, Golapganj, Sylhet",Md. Hasibul Hasan,,1769459855,fmgolapganj@fisheries.gov.bd,http://fmo.golapganj.sylhet.gov.bd/,,,,DoF Farm List,DoF Farm List (PDF supplied by user),Source-listed; current activity not independently verified
49,Sylhet,Sylhet,Khadimnagar,"F.S.M.F, Khadimnagar, Sylhet",Dijaraj Barman,,1769459854,fmkhadimnagar@fisheries.gov.bd,http://fsmf.sylhetsadar.sylhet.gov.bd/,,,,DoF Farm List,DoF Farm List (PDF supplied by user),Source-listed; current activity not independently verified
50,Sylhet,Moulvibazar,Sadar,"F.S.M.F, Moulvibazar Sadar, Moulvibazar",Shuvra Sarker,,1769459890,fmmoulvibazar@fisheries.gov.bd,https://fsmf.moulvibazar.gov.bd/,,,,DoF Farm List,DoF Farm List (PDF supplied by user),Source-listed; current activity not independently verified
51,Sylhet,Sunamganj,Shantiganj,"Fish Hatchery Complex, Shantiganj, Sunamganj",Md. Moniruzzaman,,01769459894,,https://chc.shantiganj.sunamganj.gov.bd/bn,Hatchery,,,DoF Farm List,DoF Farm List (PDF supplied by user),Source-listed; current activity not independently verified
52,Chattogram,Cumilla,Jangalia,"F.S.M.F, Jangalia, Cumilla",Ashok Kumar Dash,,1769459424,fmjangalia@fisheries.gov.bd,http://fsmf.sadarsouth.comilla.gov.bd/,,,,DoF Farm List,DoF Farm List (PDF supplied by user),Source-listed; current activity not independently verified
53,Chattogram,Cumilla,Burichang,"F.S.M.F, Burichang, Cumilla",Shamsi Ara Ferdousy,,1769459429,fmburichang@fisheries.gov.bd,http://fsmf.burichang.comilla.gov.bd/,,,,DoF Farm List,DoF Farm List (PDF supplied by user),Source-listed; current activity not independently verified
54,Chattogram,Cumilla,Choddogram,"F.S.M.F, Choddogram, Cumilla",Md. Latifur Rahman,,1769459427,fmchoddogram@fisheries.gov.bd,http://fsmf.chauddagram.comilla.gov.bd/,,,,DoF Farm List,DoF Farm List (PDF supplied by user),Source-listed; current activity not independently verified
55,Chattogram,Cumilla,Chandina,"F.S.M.F, Chandina, Cumilla",Md. Ashraf Uddin,,1769459428,fmchandina@fisheries.gov.bd,http://fsmf.chandina.comilla.gov.bd/,,,,DoF Farm List,DoF Farm List (PDF supplied by user),Source-listed; current activity not independently verified
56,Chattogram,Lakshmipur,Sadar,"F.S.M.F, Mandari, Lakshmipur Sadar, Lakshmipur",Md Hasanul Haque,,01769-459404,fmlakshimipur@fisheries.gov.bd,http://fsmf.sadar.lakshmipur.gov.bd/,,,,DoF Farm List,DoF Farm List (PDF supplied by user),Source-listed; current activity not independently verified
57,Chattogram,Feni,Sadar,"F.S.M.F, Feni Sadar, Feni",,,,,,,,,DoF Farm List,DoF Farm List (PDF supplied by user),Source-listed; current activity not independently verified
58,Chattogram,Feni,Sonagazi,"F.S.M.F, Sonagazi, Feni",Abdullal Al Mamun,,01769459325,fmsonagazi@fisheries.gov.bd,http://fpecfisheries.sonagazi.feni.gov.bd/,,,,DoF Farm List,DoF Farm List (PDF supplied by user),Source-listed; current activity not independently verified
59,Chattogram,Feni,Chhagalnaiya,"F.S.M.F, Chhagalnaiya, Feni",Samiron Kumer Saha,,1769459326,fmfeni@fisheries.gov.bd,http://fsmf.chhagalnaiya.feni.gov.bd/,,,,DoF Farm List,DoF Farm List (PDF supplied by user),Source-listed; current activity not independently verified
60,Chattogram,Noakhali,Begumganj,"F.S.M.F, Chowmuhani, Begumganj, Noakhali",K. M. Mahfujur Rahman,,1769459316,fmchowmuhani@fisheries.gov.bd,http://fsmf.begumganj.noakhali.gov.bd/,,,,DoF Farm List,DoF Farm List (PDF supplied by user),Source-listed; current activity not independently verified
61,Chattogram,Chattogram,Mirsharai,"F.S.M.F, Mirsharai, Chattogram",Md. Motasim Bella,,1334911672,fmmirsarai@fisheries.gov.bd,http://fsmf.mirsharai.chittagong.gov.bd/,,,,DoF Farm List,DoF Farm List (PDF supplied by user),Source-listed; current activity not independently verified
62,Chattogram,Chattogram,Patiya,"F.S.M.F, Patiya, Chattogram",Md. Abu Tayeb,,01819626212,fmpatiya@fisheries.gov.bd,http://fsmf.patiya.chittagong.gov.bd/,,,,DoF Farm List,DoF Farm List (PDF supplied by user),Source-listed; current activity not independently verified
63,Chattogram,Chandpur,Kachua,"F.S.M.F, Kachua, Chandpur",Md. Johirul Islam,,1712745292,fmkachuya@fisheries.gov.bd,http://fsmf.kachua.chandpur.gov.bd/,,,,DoF Farm List,DoF Farm List (PDF supplied by user),Source-listed; current activity not independently verified
64,Chattogram,Cox's Bazar,Teknaf,"Shrimp Demonstration Firm Teknaf, Cox's Bazar",,,,,,,,,DoF Farm List,DoF Farm List (PDF supplied by user),Source-listed; current activity not independently verified
65,Chattogram,Brahmanbaria,Sadar,"F.S.M.F, Ramrail, Brahmanbaria",Md. Anwar Kamal,,1769459370,fmramrail@fisheries.gov.bd,http://fsmf.sadar.brahmanbaria.gov.bd/,,,,DoF Farm List,DoF Farm List (PDF supplied by user),Source-listed; current activity not independently verified
66,Chattogram,Brahmanbaria,Kasba,"Jiol F.S.M.F, Kasba, Brahmanbaria",,,,,,,,,DoF Farm List,DoF Farm List (PDF supplied by user),Source-listed; current activity not independently verified
67,Chattogram,Rangamati,Kawkhali,"F.S.M.F, Kawkhali, Rangamati",,,,,http://fsmf.kawkhali.rangamati.gov.bd/,,,,DoF Farm List,DoF Farm List (PDF supplied by user),Source-listed; current activity not independently verified
68,Chattogram,Khagrachhari,Sadar,"F.S.M.F Sadar, Khagrachhari",Sharat Kumar Tripura,,1556644244,sharat.tripura@gmail.com,https://fsmf.sadar.khagrachhari.gov.bd/,,,,DoF Farm List,DoF Farm List (PDF supplied by user),Source-listed; current activity not independently verified
69,Barishal,Pirojpur,Sadar,"F.S.M.F, Sadar, Pirojpur",Shamim Ahmed,,1769459634,fmpirojpur@fisheries.gov.bd,http://fsmf.sadar.pirojpur.gov.bd/,,,,DoF Farm List,DoF Farm List (PDF supplied by user),Source-listed; current activity not independently verified
70,Barishal,Jhalokati,Sadar,"F.S.M.F, Jhalokati Sadar, Jhalokati",Md Abdul Quddus Miah,,1714520015,fmjhalokati@fisheries.gov.bd,http://fsmf.sadar.jhalakathi.gov.bd/,,,,DoF Farm List,DoF Farm List (PDF supplied by user),Source-listed; current activity not independently verified
71,Barishal,Barguna,Sadar,"F.S.M.F, Barguna Sadar, Barguna",Md. Harun ar Rashid,,01769-459590,fmbarguna@fisheries.gov.bd,http://fsmf.sadar.barguna.gov.bd/,,,,DoF Farm List,DoF Farm List (PDF supplied by user),Source-listed; current activity not independently verified
72,Barishal,Patuakhali,Sadar,"F.S.M.F, Patuakhali Sadar, Patuakhali",Shahnaj Parveen,,1769459624,fmpatuakhali@fisheries.gov.bd,http://fsmf.sadar.patuakhali.gov.bd/,,,,DoF Farm List,DoF Farm List (PDF supplied by user),Source-listed; current activity not independently verified
73,Barishal,Bhola,Sadar,"F.S.M.F, Bhola Sadar, Bhola",H. M. Zakir Hossain,,01769-459581,fmbholasadar@fisheries.gov.bd,http://fsmf.sadar.bhola.gov.bd,,,,DoF Farm List,DoF Farm List (PDF supplied by user),Source-listed; current activity not independently verified
74,Barishal,Bhola,Charfesson,"F.S.M.F Charkachhopia, Charfesson, Bhola",,,,,,,,,DoF Farm List,DoF Farm List (PDF supplied by user),Source-listed; current activity not independently verified
